text_input,output
What is the Model class in Keras?,"The Model class in Keras is an object that groups layers and provides features for training and inference. It can be instantiated using the Functional API, by subclassing the Model class, or using the Sequential class."
How do you create a model using the Functional API in Keras?,"To create a model using the Functional API in Keras, you start by defining input tensors using `keras.Input()`, then chain layer calls to specify the forward pass, and finally, create the model using `keras.Model(inputs=inputs, outputs=outputs)`. For example:

```python
inputs = keras.Input(shape=(37,))
x = keras.layers.Dense(32, activation=""relu"")(inputs)
outputs = keras.layers.Dense(5, activation=""softmax"")(x)
model = keras.Model(inputs=inputs, outputs=outputs)
```"
Can you use nested inputs when creating models in the Functional API?,"No, nested inputs are not supported in the Functional API. Only dicts, lists, and tuples of input tensors are supported. For example, lists of lists or dicts of dicts are not allowed."
How can you create sub-models from a larger Functional API model?,"You can create sub-models by using intermediate tensors from the main model. These sub-models will share layers and weights with the full model. For example:

```python
inputs = keras.Input(shape=(None, None, 3))
processed = keras.layers.RandomCrop(width=128, height=128)(inputs)
conv = keras.layers.Conv2D(filters=32, kernel_size=3)(processed)
pooling = keras.layers.GlobalAveragePooling2D()(conv)
feature = keras.layers.Dense(10)(pooling)

full_model = keras.Model(inputs, feature)
backbone = keras.Model(processed, conv)
activations = keras.Model(conv, feature)
```"
How do you create a custom model by subclassing the Model class in Keras?,"To create a custom model by subclassing the Model class in Keras, you define the layers in the `__init__()` method and implement the forward pass in the `call()` method. For example:

```python
class MyModel(keras.Model):
    def __init__(self):
        super().__init__()
        self.dense1 = keras.layers.Dense(32, activation=""relu"")
        self.dense2 = keras.layers.Dense(5, activation=""softmax"")

    def call(self, inputs):
        x = self.dense1(inputs)
        return self.dense2(x)

model = MyModel()
```"
How can you specify different behavior during training and inference when subclassing the Model class?,"When subclassing the Model class, you can add a `training` argument to the `call()` method to specify different behavior for training and inference. For example:

```python
class MyModel(keras.Model):
    def __init__(self):
        super().__init__()
        self.dense1 = keras.layers.Dense(32, activation=""relu"")
        self.dense2 = keras.layers.Dense(5, activation=""softmax"")
        self.dropout = keras.layers.Dropout(0.5)

    def call(self, inputs, training=False):
        x = self.dense1(inputs)
        x = self.dropout(x, training=training)
        return self.dense2(x)

model = MyModel()
```"
What is the Sequential class in Keras?,"The Sequential class in Keras is a special case of the Model class where the model is a linear stack of layers with single input and single output. Here's an example:

```python
model = keras.Sequential([
    keras.Input(shape=(None, None, 3)),
    keras.layers.Conv2D(filters=32, kernel_size=3),
])
```"
How can you retrieve a specific layer from a Keras model?,"You can retrieve a layer from a Keras model using `model.get_layer()`. You can specify either the name or the index of the layer. If both are provided, the index takes precedence. For example:

```python
layer = model.get_layer(name=""conv2d"")
# or
layer = model.get_layer(index=2)
```"
How do you print a summary of a Keras model?,"You can print a summary of a Keras model using `model.summary()`. You can customize the output by adjusting parameters like `line_length`, `positions`, `expand_nested`, `show_trainable`, and `layer_range`. For example:

```python
model.summary(line_length=80, show_trainable=True)
```"
What is the difference between the Functional API and Sequential API in Keras?,"The Functional API allows you to create models with complex architectures, such as multi-input/output models or models with shared layers. The Sequential API is simpler and only allows for linear stacking of layers, where each layer has a single input and single output. The Functional API provides more flexibility, while the Sequential API is more straightforward for simple models."
What is the Sequential class in Keras?,The Sequential class in Keras groups a linear stack of layers into a Model. It allows for a straightforward approach to building models where layers are added sequentially.
How do you create a Sequential model in Keras?,"You can create a Sequential model in Keras by initializing it with `keras.Sequential()` and then adding layers to it using `model.add()`. Here's an example:

```python
model = keras.Sequential()
model.add(keras.Input(shape=(16,)))
model.add(keras.layers.Dense(8))
```"
Do you need to specify an input shape when creating a Sequential model?,"No, specifying an input shape is optional. If you do not specify an `Input`, the model won't have weights until you call a training or evaluation method. When you do provide an `Input`, the model gets built continuously as layers are added."
What happens if you don't specify an input shape in a Sequential model?,"If you don't specify an input shape, the model's weights are not created until you call a training, evaluation, or prediction method for the first time. You can also manually build the model by calling `model.build(batch_input_shape)`."
How do you manually build a Sequential model in Keras?,"You can manually build a Sequential model by calling `model.build(batch_input_shape)` after adding layers. For example:

```python
model = keras.Sequential()
model.add(keras.layers.Dense(8))
model.add(keras.layers.Dense(4))
model.build((None, 16))
len(model.weights)  # Returns 4
```"
What is the `add` method in the Sequential class?,"The `add()` method in the Sequential class adds a layer instance on top of the layer stack. For example:

```python
model = keras.Sequential()
model.add(keras.layers.Dense(8))
```"
How can you remove a layer from a Sequential model?,"You can remove the last layer from a Sequential model using the `pop()` method. For example:

```python
model = keras.Sequential()
model.add(keras.layers.Dense(8))
model.add(keras.layers.Dense(4))
model.pop()  # Removes the Dense(4) layer
```"
What happens when you compile a Sequential model without building it first?,"If you compile a Sequential model without specifying an input shape, it gets built for the first time when you call `fit()`, `evaluate()`, or `predict()` methods. For example:

```python
model = keras.Sequential()
model.add(keras.layers.Dense(8))
model.add(keras.layers.Dense(1))
model.compile(optimizer='sgd', loss='mse')
model.fit(x, y, batch_size=32, epochs=10)
```"
Can you specify the input shape later when building a Sequential model?,"Yes, you can specify the input shape later when building the Sequential model by using `model.build(batch_input_shape)`. This allows for delayed building of the model."
What is the purpose of the Sequential model in Keras?,The purpose of the Sequential model in Keras is to provide a simple way to stack layers in a linear sequence. It is ideal for models where each layer has only one input and one output.
"What does the Model.compile() method do, and what are its key arguments?","The `Model.compile()` method configures the model for training by specifying the optimizer, loss function, and metrics to be used. Key arguments include: 
- `optimizer`: Defines the optimization algorithm.
- `loss`: Specifies the loss function to minimize.
- `metrics`: Defines the metrics to evaluate during training and testing. For example:

```python
model.compile(
    optimizer=keras.optimizers.Adam(learning_rate=1e-3),
    loss=keras.losses.BinaryCrossentropy(),
    metrics=[keras.metrics.BinaryAccuracy(), keras.metrics.FalseNegatives()]
)
```"
How do you specify different loss functions for multi-output models in Model.compile()?,"For models with multiple outputs, you can pass a dictionary or a list of loss functions to `Model.compile()`. Each output will have its own loss function. For example:

```python
model.compile(
    optimizer='adam',
    loss={'output_1': 'sparse_categorical_crossentropy', 'output_2': 'mse'},
    metrics={'output_1': 'accuracy'}
)
```
Here, `output_1` uses `sparse_categorical_crossentropy`, and `output_2` uses `mse` (mean squared error)."
What is the purpose of the metrics argument in Model.compile()?,"The `metrics` argument in `Model.compile()` is used to specify which metrics to monitor during training and evaluation. It can include standard metrics like `accuracy`, or custom metrics such as precision or recall. For instance:

```python
model.compile(
    optimizer='adam',
    loss='binary_crossentropy',
    metrics=['accuracy', keras.metrics.Precision(), keras.metrics.Recall()]
)
```
This tracks both accuracy and precision/recall during training."
How do you customize the learning rate for a specific optimizer in Keras?,"To customize the learning rate for a specific optimizer in Keras, you can pass the `learning_rate` argument when creating the optimizer. For example, with the Adam optimizer:

```python
optimizer = keras.optimizers.Adam(learning_rate=0.001)
model.compile(optimizer=optimizer, loss='mse')
```
In this case, the learning rate is set to `0.001` for the Adam optimizer."
What is the difference between a built-in metric and a custom metric in Keras?,"A built-in metric is a predefined metric such as `accuracy`, `precision`, or `mean_squared_error` that Keras provides. A custom metric is defined by the user and can be created using a function that computes the metric based on the true and predicted values. For example, a custom metric for computing mean absolute error (MAE):

```python
def custom_mae(y_true, y_pred):
    return tf.reduce_mean(tf.abs(y_pred - y_true))

model.compile(optimizer='adam', loss='mse', metrics=[custom_mae])
```
Here, `custom_mae` is used as a metric during model training."
How do you use a custom loss function in Keras?,"You can define a custom loss function by creating a Python function that takes `y_true` and `y_pred` as arguments, and then returns a scalar loss value. For example, a custom loss function for mean absolute percentage error (MAPE):

```python
def custom_mape(y_true, y_pred):
    diff = tf.abs((y_true - y_pred) / tf.clip_by_value(y_true, 1e-7, None))
    return 100 * tf.reduce_mean(diff)

model.compile(optimizer='adam', loss=custom_mape)
```
This custom loss can then be passed to `Model.compile()`."
"What are callbacks in Keras, and how can they be used during training?","Callbacks in Keras are functions or objects that are called during different stages of training (such as at the end of an epoch or batch). They allow you to monitor and modify the training process dynamically. Common callbacks include `EarlyStopping`, `ModelCheckpoint`, and `ReduceLROnPlateau`. For example:

```python
callback = keras.callbacks.EarlyStopping(monitor='val_loss', patience=3)
model.fit(x_train, y_train, validation_data=(x_val, y_val), epochs=10, callbacks=[callback])
```
Here, training stops early if validation loss doesn't improve for 3 consecutive epochs."
How do you fine-tune a pre-trained model in Keras?,"To fine-tune a pre-trained model in Keras, you typically follow these steps:
1. Load a pre-trained model with frozen layers.
2. Add new layers on top (for the specific task).
3. Compile and train the new layers on your dataset.
4. Unfreeze some or all of the pre-trained layers and continue training with a lower learning rate.

```python
base_model = keras.applications.MobileNetV2(weights='imagenet', include_top=False)
base_model.trainable = False  # Freeze the base model
model = keras.Sequential([
    base_model,
    keras.layers.GlobalAveragePooling2D(),
    keras.layers.Dense(10, activation='softmax')
])
model.compile(optimizer='adam', loss='sparse_categorical_crossentropy')
# After initial training, unfreeze the base model and fine-tune
base_model.trainable = True
model.compile(optimizer=keras.optimizers.Adam(1e-5), loss='sparse_categorical_crossentropy')
```
Here, `MobileNetV2` is fine-tuned on a new dataset."
"What is model checkpointing, and how can you implement it in Keras?","Model checkpointing in Keras allows you to save the model at various stages during training, such as after every epoch or when a certain condition is met. It helps to save the best model (e.g., the one with the lowest validation loss). Here's how you implement it:

```python
checkpoint = keras.callbacks.ModelCheckpoint('best_model.h5', save_best_only=True, monitor='val_loss')
model.fit(x_train, y_train, validation_data=(x_val, y_val), epochs=10, callbacks=[checkpoint])
```
In this example, the model with the lowest validation loss is saved as `best_model.h5`."
How do you evaluate a trained Keras model on a test dataset?,"You can evaluate a trained Keras model using the `evaluate()` method. This method returns the loss and any metrics specified during compilation. For example:

```python
test_loss, test_acc = model.evaluate(x_test, y_test)
print(f'Test accuracy: {test_acc}')
```
In this example, the model's performance on the test dataset is evaluated, and the test accuracy is printed."
What is the purpose of the Keras Layers API in neural network construction?,"The Keras Layers API provides the basic building blocks for constructing neural networks. Each layer represents a tensor-in tensor-out computation function, defined by the `call` method, and manages its own state through TensorFlow variables (weights). Layers can be called with input data and return output data, making them fundamental components in designing and training models. For example:

```python
from keras import layers

layer = layers.Dense(32, activation='relu')
inputs = keras.random.uniform(shape=(10, 20))
outputs = layer(inputs)
```
In this snippet, `layers.Dense` is used to create a dense layer with 32 units and ReLU activation."
How do you use a Keras layer instance to process input data?,"To use a Keras layer instance for processing input data, you first create an instance of the layer (e.g., `layers.Dense`). Then, you call the layer instance with the input data. The layer processes the data according to its computation function (defined in the `call` method) and returns the output. For example:

```python
from keras import layers

layer = layers.Dense(32, activation='relu')
inputs = keras.random.uniform(shape=(10, 20))
outputs = layer(inputs)
```
Here, `layer(inputs)` applies the dense layer to the input data, producing the `outputs`."
How can you access the weights of a Keras layer after it has processed data?,"After a Keras layer has processed data, you can access its weights through the `weights` attribute of the layer instance. This attribute returns a list of the layer's weight variables. For example:

```python
from keras import layers

layer = layers.Dense(32, activation='relu')
inputs = keras.random.uniform(shape=(10, 20))
outputs = layer(inputs)
print(layer.weights)
```
The `layer.weights` output might look like:

```python
[<KerasVariable shape=(20, 32), dtype=float32, path=dense/kernel>, <KerasVariable shape=(32,), dtype=float32, path=dense/bias>]
```
This list contains the weights and biases of the dense layer."
How can activations be used with Keras layers?,"Activations can be used with Keras layers either by passing them as a parameter to the `activation` argument when creating a layer, or by using the `Activation` layer separately. For example:

```python
from keras import layers, activations

# Using activation argument
model.add(layers.Dense(64, activation=activations.relu))

# Using Activation layer
model.add(layers.Dense(64))
model.add(layers.Activation(activations.relu))
```
Both approaches are equivalent."
What does the ReLU activation function do?,"The ReLU (Rectified Linear Unit) activation function applies the operation `max(x, 0)` to each element of the input tensor. It outputs 0 for any negative input and the input value itself for any positive input. For example:

```python
import keras
x = [-10, -5, 0.0, 5, 10]
print(keras.activations.relu(x))  # Output: [ 0.,  0.,  0.,  5., 10.]
```
You can also adjust parameters like `negative_slope`, `max_value`, and `threshold` to modify its behavior."
How does the sigmoid activation function work?,"The sigmoid activation function computes `sigmoid(x) = 1 / (1 + exp(-x))`. It maps input values to a range between 0 and 1. This function is often used for binary classification tasks. For example:

```python
import keras
x = [-10, 0, 10]
print(keras.activations.sigmoid(x))  # Output: [4.539787e-05, 0.5, 0.9999546]
```
The sigmoid function is useful for output layers in binary classification."
What is the purpose of the softmax activation function?,"The softmax activation function converts a vector of values into a probability distribution. Each element of the output vector is in the range [0, 1] and the elements sum to 1. It is commonly used in the final layer of classification models to interpret outputs as probabilities. For example:

```python
import keras
import numpy as np
x = np.array([1.0, 2.0, 3.0])
print(keras.activations.softmax(x))  # Output: [0.09003057, 0.24472847, 0.66524096]
```
This makes it suitable for multi-class classification tasks."
What does the softplus activation function do?,"The softplus activation function is defined as `softplus(x) = log(exp(x) + 1)`. It is a smooth approximation of the ReLU function. For example:

```python
import keras
x = [-10, 0, 10]
print(keras.activations.softplus(x))  # Output: [4.53988992e-05, 6.93147181e-01, 1.00004540e+01]
```
It provides a non-zero gradient for negative inputs, unlike ReLU."
How is the softsign activation function defined?,"The softsign activation function is defined as `softsign(x) = x / (abs(x) + 1)`. It provides smoother outputs compared to ReLU and has outputs in the range (-1, 1). For example:

```python
import keras
x = [-10, 0, 10]
print(keras.activations.softsign(x))  # Output: [-0.90909091, 0., 0.90909091]
```
It is less aggressive than ReLU and can be useful in various contexts."
What is the purpose of the SELU activation function?,"The SELU (Scaled Exponential Linear Unit) activation function is designed to self-normalize activations. It is defined as:

```python
x if x > 0
alpha * exp(x) - 1 if x < 0
```
where `alpha` and `scale` are pre-defined constants. SELU helps maintain the mean and variance of the inputs, which can be beneficial for deep networks. For example:

```python
import keras
x = [-1, 0, 1]
print(keras.activations.selu(x))
```
SELUs are used with the LecunNormal initializer and AlphaDropout."
What does the ELU activation function do?,"The ELU (Exponential Linear Unit) activation function is defined as:

```python
x if x > 0
alpha * exp(x) - 1 if x < 0
```
ELUs have negative values which push the mean of activations closer to zero, helping with faster learning. For example:

```python
import keras
x = [-1, 0, 1]
print(keras.activations.elu(x, alpha=1.0))
```
ELUs provide a smoother transition for negative inputs compared to ReLU."
How is the leaky ReLU activation function different from ReLU?,"The leaky ReLU activation function is defined as `leaky_relu(x, negative_slope=0.2)`. Unlike ReLU, which outputs 0 for negative inputs, leaky ReLU allows a small, non-zero gradient for negative inputs defined by `negative_slope`. For example:

```python
import keras
x = [-10, 0, 10]
print(keras.activations.leaky_relu(x, negative_slope=0.2))  # Output: [-2., 0., 10.]
```
This prevents dead neurons during training."
What is the difference between the swish and hard swish activation functions?,"The swish (or SiLU) activation function is defined as `swish(x) = x * sigmoid(x)`, providing a smooth, non-monotonic activation. For example:

```python
import keras
x = [-1, 0, 1]
print(keras.activations.silu(x))
```
The hard swish function is a piecewise linear approximation of swish:

```python
0 if x < -3
x if x > 3
x * (x + 3) / 6 if -3 <= x <= 3
```
This makes hard swish faster to compute but less smooth."
What does the GELU activation function do?,"The GELU (Gaussian Error Linear Unit) activation function is defined as `gelu(x) = x * P(X <= x)`, where `P(X)` is the cumulative distribution function of a standard normal distribution. For example:

```python
import keras
x = [-1, 0, 1]
print(keras.activations.gelu(x, approximate=True))
```
GELU is useful for probabilistic modeling as it weights inputs by their value, not just their sign."
How can custom activations be created in Keras?,"Custom activations in Keras can be created by defining a function that takes a tensor as input and returns a tensor of the same shape and dtype. This custom function can then be used as an activation function in a layer. For example:

```python
import keras
import tensorflow as tf

def custom_activation(x):
    return tf.math.tanh(x)  # Example custom activation function

model.add(layers.Dense(64, activation=custom_activation))
```
Here, `custom_activation` is used as a custom activation function for a Dense layer."
What does the Conv2D layer do in a neural network?,"The Conv2D layer creates a convolution kernel that is convolved with the input tensor over 2D spatial dimensions (height and width) to produce an output tensor. It applies the convolution operation to detect features from the input image or spatial data.

Example code:
```python
import numpy as np
import keras
from keras.layers import Conv2D

x = np.random.rand(4, 10, 10, 128)
conv_layer = Conv2D(32, 3, activation='relu')
y = conv_layer(x)
print(y.shape)
# Output: (4, 8, 8, 32)
```"
How is the kernel_size argument used in the Conv2D layer?,"The kernel_size argument specifies the size of the convolution window. It can be an integer (for a square kernel) or a tuple/list of two integers (for a rectangular kernel). This defines the dimensions of the filter used in the convolution operation.

Example code:
```python
import keras
from keras.layers import Conv2D

conv_layer = Conv2D(32, kernel_size=(3, 5), activation='relu')
```"
What does the padding argument do in the Conv2D layer?,"The padding argument determines how the input is padded before applying the convolution. If set to ""valid"", no padding is applied. If set to ""same"", padding is applied such that the output has the same spatial dimensions as the input when strides are set to 1.

Example code:
```python
import keras
from keras.layers import Conv2D

conv_layer_valid = Conv2D(32, kernel_size=3, padding='valid')
conv_layer_same = Conv2D(32, kernel_size=3, padding='same')
```"
"What are the possible values for the data_format argument in the Conv2D layer, and what do they signify?","The data_format argument can be either ""channels_last"" or ""channels_first"". ""channels_last"" indicates that the input shape is (batch_size, height, width, channels), while ""channels_first"" means the input shape is (batch_size, channels, height, width). It specifies the ordering of dimensions in the input tensor.

Example code:
```python
import keras
from keras.layers import Conv2D

conv_layer_last = Conv2D(32, kernel_size=3, data_format='channels_last')
conv_layer_first = Conv2D(32, kernel_size=3, data_format='channels_first')
```"
What is the purpose of the activation argument in the Conv2D layer?,"The activation argument specifies the activation function to be applied to the output of the convolution operation. If None, no activation function is applied, and the layer output is just the convolution result plus any bias term.

Example code:
```python
import keras
from keras.layers import Conv2D
from keras.activations import relu

conv_layer = Conv2D(32, kernel_size=3, activation=relu)
```"
What does the dilation_rate argument control in the Conv2D layer?,"The dilation_rate argument specifies the dilation rate for dilated convolution. It can be an integer or a tuple/list of two integers. This parameter controls the spacing between kernel elements, effectively allowing the kernel to cover a larger area of the input.

Example code:
```python
import keras
from keras.layers import Conv2D

conv_layer = Conv2D(32, kernel_size=3, dilation_rate=2)
```"
What happens if both strides and dilation_rate are set to values greater than 1 in the Conv2D layer?,"If both strides and dilation_rate are set to values greater than 1, it will raise a ValueError. Strides and dilation rates are mutually exclusive in the sense that you cannot use them simultaneously in the Conv2D layer.

Example code:
```python
import keras
from keras.layers import Conv2D

# This will raise a ValueError
conv_layer = Conv2D(32, kernel_size=3, strides=2, dilation_rate=2)
```"
What does the MaxPooling2D layer do in a neural network?,"The MaxPooling2D layer performs a downsampling operation on 2D spatial data by selecting the maximum value within a defined window (specified by pool_size) for each channel of the input. This reduces the spatial dimensions of the input while retaining the most important features.

Example code:
```python
import numpy as np
import keras
from keras.layers import MaxPooling2D

x = np.array([[1., 2., 3.], [4., 5., 6.], [7., 8., 9.]])
x = np.reshape(x, [1, 3, 3, 1])
max_pool_2d = MaxPooling2D(pool_size=(2, 2))
output = max_pool_2d(x)
print(output.shape)
# Output: (1, 2, 2, 1)
```"
How is the pool_size argument used in the MaxPooling2D layer?,"The pool_size argument defines the size of the window that will be used to perform the max pooling operation. It can be an integer (for a square window) or a tuple of two integers (for a rectangular window). This parameter determines how much the input is downsampled.

Example code:
```python
import keras
from keras.layers import MaxPooling2D

max_pool_2d = MaxPooling2D(pool_size=(2, 2))
```"
What does the strides argument do in the MaxPooling2D layer?,"The strides argument specifies how the pooling window is moved across the input. It can be an integer (for uniform strides in both dimensions) or a tuple of two integers (for different strides in each dimension). If not specified, it defaults to the pool_size value.

Example code:
```python
import keras
from keras.layers import MaxPooling2D

max_pool_2d = MaxPooling2D(pool_size=(2, 2), strides=(2, 2))
```"
What does the padding argument do in the MaxPooling2D layer?,"The padding argument determines how the input is padded before applying the max pooling operation. If set to ""valid"", no padding is applied, and only complete windows are used for pooling. If set to ""same"", padding is applied such that the output has the same height and width dimensions as the input when strides are set to 1.

Example code:
```python
import keras
from keras.layers import MaxPooling2D

max_pool_2d_valid = MaxPooling2D(pool_size=(2, 2), padding='valid')
max_pool_2d_same = MaxPooling2D(pool_size=(2, 2), padding='same')
```"
"What are the possible values for the data_format argument in the MaxPooling2D layer, and what do they signify?","The data_format argument can be either ""channels_last"" or ""channels_first"". ""channels_last"" indicates that the input shape is (batch_size, height, width, channels), while ""channels_first"" means the input shape is (batch_size, channels, height, width). This specifies the ordering of dimensions in the input tensor.

Example code:
```python
import keras
from keras.layers import MaxPooling2D

max_pool_2d_last = MaxPooling2D(pool_size=(2, 2), data_format='channels_last')
max_pool_2d_first = MaxPooling2D(pool_size=(2, 2), data_format='channels_first')
```"
"What is the resulting output shape of the MaxPooling2D layer when using strides=(1, 1) and padding=""valid""?","With strides=(1, 1) and padding=""valid"", the output shape is calculated as: output_shape = math.floor((input_shape - pool_size) / strides) + 1. The pooling operation will be applied with no padding, so the output dimensions are reduced by the pool_size.

Example code:
```python
import numpy as np
import keras
from keras.layers import MaxPooling2D

x = np.array([[1., 2., 3.], [4., 5., 6.], [7., 8., 9.]])
x = np.reshape(x, [1, 3, 3, 1])
max_pool_2d = MaxPooling2D(pool_size=(2, 2), strides=(1, 1), padding='valid')
output = max_pool_2d(x)
print(output.shape)
# Output: (1, 2, 2, 1)
```"
"What is the resulting output shape of the MaxPooling2D layer when using strides=(2, 2) and padding=""valid""?","With strides=(2, 2) and padding=""valid"", the output shape is calculated as: output_shape = math.floor((input_shape - pool_size) / strides) + 1. The pooling window will be shifted by 2 units in both dimensions, resulting in a reduced output size.

Example code:
```python
import numpy as np
import keras
from keras.layers import MaxPooling2D

x = np.array([[1., 2., 3., 4.], [5., 6., 7., 8.], [9., 10., 11., 12.]])
x = np.reshape(x, [1, 3, 4, 1])
max_pool_2d = MaxPooling2D(pool_size=(2, 2), strides=(2, 2), padding='valid')
output = max_pool_2d(x)
print(output.shape)
# Output: (1, 2, 2, 1)
```"
"What is the resulting output shape of the MaxPooling2D layer when using strides=(1, 1) and padding=""same""?","With strides=(1, 1) and padding=""same"", the output shape is calculated as: output_shape = math.floor((input_shape - 1) / strides) + 1. The padding ensures that the output has the same spatial dimensions as the input when strides are set to 1.

Example code:
```python
import numpy as np
import keras
from keras.layers import MaxPooling2D

x = np.array([[1., 2., 3.], [4., 5., 6.], [7., 8., 9.]])
x = np.reshape(x, [1, 3, 3, 1])
max_pool_2d = MaxPooling2D(pool_size=(2, 2), strides=(1, 1), padding='same')
output = max_pool_2d(x)
print(output.shape)
# Output: (1, 3, 3, 1)
```"
What does the GlobalAveragePooling2D layer do in a neural network?,"The GlobalAveragePooling2D layer computes the average of all values in each feature map of the input and outputs a single value per feature map. This is useful for downsampling without adding additional parameters and for reducing the spatial dimensions of the input to a single value per feature map.

Example code:
```python
import numpy as np
import keras
from keras.layers import GlobalAveragePooling2D

x = np.random.rand(2, 4, 5, 3)
y = GlobalAveragePooling2D()(x)
print(y.shape)
# Output: (2, 3)
```"
How does the data_format argument affect the GlobalAveragePooling2D layer?,"The data_format argument determines how the dimensions of the input are ordered. If data_format is 'channels_last', the input is expected to have the shape (batch_size, height, width, channels). If data_format is 'channels_first', the input should be in the shape (batch_size, channels, height, width). The default value is usually 'channels_last', unless otherwise specified in the Keras config.

Example code:
```python
import keras
from keras.layers import GlobalAveragePooling2D

# Using channels_last format (default)
layer = GlobalAveragePooling2D(data_format='channels_last')
```"
What happens when the keepdims argument is set to True in the GlobalAveragePooling2D layer?,"When keepdims is set to True, the spatial dimensions of the output are retained with length 1, meaning the output will have four dimensions, but the height and width will be 1. This is useful if you need to keep the dimensions consistent for further operations in the model.

Example code:
```python
import numpy as np
import keras
from keras.layers import GlobalAveragePooling2D

x = np.random.rand(2, 4, 5, 3)
y = GlobalAveragePooling2D(keepdims=True)(x)
print(y.shape)
# Output: (2, 1, 1, 3)
```"
What is the primary function of the LSTM layer in a neural network?,"The LSTM (Long Short-Term Memory) layer is used to model and learn long-term dependencies in sequential data. It is designed to handle the vanishing gradient problem often encountered in standard RNNs by maintaining a memory cell that can store information over long sequences. This allows it to learn temporal patterns and relationships in the data.

Example code:
```python
import numpy as np
import keras
from keras.layers import LSTM

inputs = np.random.random((32, 10, 8))
lstm = LSTM(4)
output = lstm(inputs)
print(output.shape)
# Output: (32, 4)
```"
What does the return_sequences argument do in the LSTM layer?,"The `return_sequences` argument determines whether the LSTM layer returns the output for each time step in the input sequence or only the output from the last time step. When `return_sequences` is set to True, the output will have the shape (batch_size, timesteps, units), whereas when it is False, the output will have the shape (batch_size, units).

Example code:
```python
import numpy as np
import keras
from keras.layers import LSTM

inputs = np.random.random((32, 10, 8))
lstm = LSTM(4, return_sequences=True)
output = lstm(inputs)
print(output.shape)
# Output: (32, 10, 4)
```"
How does the use_cudnn argument affect the LSTM layer's performance?,"The `use_cudnn` argument determines whether to use a cuDNN-based implementation of the LSTM layer, which can provide significant performance improvements on supported hardware (GPUs). If set to 'auto', the LSTM layer will use cuDNN if all requirements are met; otherwise, it will use a fallback implementation. The requirements for cuDNN include specific activation functions and no dropout.

Example code:
```python
import keras
from keras.layers import LSTM

lstm = LSTM(4, use_cudnn='auto')
```"
What is the purpose of the dropout and recurrent_dropout arguments in the LSTM layer?,"The `dropout` argument specifies the fraction of the units to drop during the linear transformation of the inputs, while `recurrent_dropout` specifies the fraction of the units to drop during the linear transformation of the recurrent state. These arguments are used to prevent overfitting by randomly dropping units during training.

Example code:
```python
import numpy as np
import keras
from keras.layers import LSTM

inputs = np.random.random((32, 10, 8))
lstm = LSTM(4, dropout=0.2, recurrent_dropout=0.2)
output = lstm(inputs)
print(output.shape)
```"
What does the stateful argument do in the LSTM layer?,"The `stateful` argument, when set to True, allows the LSTM layer to maintain the state between batches. This means that the hidden state and cell state from one batch will be used as the initial state for the next batch. This is useful for tasks where sequences are split across multiple batches but should be treated as a continuous sequence.

Example code:
```python
import numpy as np
import keras
from keras.layers import LSTM

inputs = np.random.random((32, 10, 8))
lstm = LSTM(4, stateful=True)
output = lstm(inputs)
print(output.shape)
```"
What is the primary function of the GRU layer in a neural network?,"The GRU (Gated Recurrent Unit) layer is designed to capture and learn temporal dependencies in sequential data. It is a type of recurrent neural network layer that simplifies the traditional LSTM by using fewer gates, which can lead to fewer parameters and faster computation while still addressing the vanishing gradient problem.

Example code:
```python
import numpy as np
import keras
from keras.layers import GRU

inputs = np.random.random((32, 10, 8))
gru = GRU(4)
output = gru(inputs)
print(output.shape)
# Output: (32, 4)
```"
How does the return_sequences argument affect the output of the GRU layer?,"The `return_sequences` argument determines whether the GRU layer returns the output for each time step in the input sequence or just the output from the last time step. When `return_sequences` is set to True, the output will have the shape (batch_size, timesteps, units), whereas when it is False, the output will have the shape (batch_size, units).

Example code:
```python
import numpy as np
import keras
from keras.layers import GRU

inputs = np.random.random((32, 10, 8))
gru = GRU(4, return_sequences=True)
output = gru(inputs)
print(output.shape)
# Output: (32, 10, 4)
```"
What is the purpose of the reset_after argument in the GRU layer?,"The `reset_after` argument determines whether the reset gate is applied before or after the matrix multiplication in the GRU layer. When `reset_after` is set to True, the reset gate is applied after the matrix multiplication, which is compatible with cuDNNGRU (GPU-only) and allows for inference on CPU. This setting is often preferred for its compatibility with cuDNN implementations.

Example code:
```python
import keras
from keras.layers import GRU

gru = GRU(4, reset_after=True)
```"
How do the dropout and recurrent_dropout arguments affect the GRU layer?,"The `dropout` argument specifies the fraction of the units to drop during the linear transformation of the inputs, while `recurrent_dropout` specifies the fraction of the units to drop during the linear transformation of the recurrent state. These arguments help in regularizing the model to prevent overfitting by randomly dropping units during training.

Example code:
```python
import numpy as np
import keras
from keras.layers import GRU

inputs = np.random.random((32, 10, 8))
gru = GRU(4, dropout=0.2, recurrent_dropout=0.2)
output = gru(inputs)
print(output.shape)
```"
What does the stateful argument do in the GRU layer?,"The `stateful` argument, when set to True, allows the GRU layer to maintain the state between batches. This means that the hidden state from one batch will be used as the initial state for the next batch. This is useful for tasks where sequences are split across multiple batches but should be treated as a continuous sequence.

Example code:
```python
import numpy as np
import keras
from keras.layers import GRU

inputs = np.random.random((32, 10, 8))
gru = GRU(4, stateful=True)
output = gru(inputs)
print(output.shape)
```"
What is the main purpose of the SimpleRNN layer in a neural network?,"The SimpleRNN layer is used to capture temporal dependencies in sequential data. It is a type of recurrent neural network that processes sequences by maintaining a hidden state that gets updated at each time step based on the input and the previous hidden state. This allows the network to learn and model relationships over time in sequential data.

Example code:
```python
import numpy as np
import keras
from keras.layers import SimpleRNN

inputs = np.random.random((32, 10, 8))
simple_rnn = SimpleRNN(4)
output = simple_rnn(inputs)
print(output.shape)
# Output: (32, 4)
```"
How does the return_sequences argument affect the output of the SimpleRNN layer?,"The `return_sequences` argument specifies whether the SimpleRNN layer returns the output for each time step in the input sequence or only the output from the last time step. When `return_sequences` is set to True, the output will be a 3D tensor with shape (batch_size, timesteps, units). When set to False, the output will be a 2D tensor with shape (batch_size, units).

Example code:
```python
import numpy as np
import keras
from keras.layers import SimpleRNN

inputs = np.random.random((32, 10, 8))
simple_rnn = SimpleRNN(4, return_sequences=True)
output = simple_rnn(inputs)
print(output.shape)
# Output: (32, 10, 4)
```"
What does the stateful argument do in the SimpleRNN layer?,"The `stateful` argument allows the SimpleRNN layer to maintain its state across batches. When `stateful` is set to True, the hidden state from the last sample in one batch is used as the initial state for the first sample in the next batch. This can be useful for tasks where sequences are split across batches but should be processed as a continuous sequence.

Example code:
```python
import numpy as np
import keras
from keras.layers import SimpleRNN

inputs = np.random.random((32, 10, 8))
simple_rnn = SimpleRNN(4, stateful=True)
output = simple_rnn(inputs)
print(output.shape)
```"
How do dropout and recurrent_dropout arguments affect the SimpleRNN layer?,"The `dropout` argument specifies the fraction of the units to drop during the linear transformation of the inputs, while `recurrent_dropout` specifies the fraction of the units to drop during the linear transformation of the recurrent state. These arguments help regularize the model and prevent overfitting by randomly dropping units during training.

Example code:
```python
import numpy as np
import keras
from keras.layers import SimpleRNN

inputs = np.random.random((32, 10, 8))
simple_rnn = SimpleRNN(4, dropout=0.2, recurrent_dropout=0.2)
output = simple_rnn(inputs)
print(output.shape)
```"
What does the unroll argument do in the SimpleRNN layer?,"The `unroll` argument specifies whether the network should be unrolled or not. If `unroll` is set to True, the RNN will be unrolled, meaning that each time step is represented explicitly in the computation graph. This can speed up training for short sequences but is more memory-intensive. If `unroll` is False, a symbolic loop is used, which is more suitable for longer sequences.

Example code:
```python
import numpy as np
import keras
from keras.layers import SimpleRNN

inputs = np.random.random((32, 10, 8))
simple_rnn = SimpleRNN(4, unroll=True)
output = simple_rnn(inputs)
print(output.shape)
```"
What is the purpose of the Bidirectional layer in a neural network?,"The `Bidirectional` layer is used to process sequences in both forward and backward directions, allowing the network to have access to context from both directions. This can improve the model's understanding of temporal dependencies in the data by combining information from the past and the future. The outputs from the forward and backward passes are combined according to the specified `merge_mode`.

Example code:
```python
from keras.layers import Bidirectional, LSTM, Dense, Input
from keras.models import Sequential

model = Sequential([
    Input(shape=(5, 10)),
    Bidirectional(LSTM(10, return_sequences=True)),
    Bidirectional(LSTM(10)),
    Dense(5, activation=""softmax""),
])
model.compile(loss='categorical_crossentropy', optimizer='rmsprop')
```"
How does the merge_mode argument affect the output of the Bidirectional layer?,"The `merge_mode` argument determines how the outputs from the forward and backward RNNs are combined. The options are:
- `""sum""`: Element-wise sum of the forward and backward outputs.
- `""mul""`: Element-wise product of the forward and backward outputs.
- `""concat""`: Concatenation of the forward and backward outputs along the last axis.
- `""ave""`: Element-wise average of the forward and backward outputs.
- `None`: Outputs are returned as a list of two separate tensors.

Example code:
```python
from keras.layers import Bidirectional, LSTM, Dense, Input
from keras.models import Sequential

model = Sequential([
    Input(shape=(5, 10)),
    Bidirectional(LSTM(10, return_sequences=True), merge_mode='concat'),
    Dense(5, activation=""softmax""),
])
model.compile(loss='categorical_crossentropy', optimizer='rmsprop')
"
What is the role of the backward_layer argument in the Bidirectional layer?,"The `backward_layer` argument specifies an optional RNN layer or a Layer instance that processes the input sequence in the reverse direction. If provided, this custom backward layer is used in place of automatically generated backward RNNs. The `backward_layer` must have properties matching those of the `layer` argument, such as `go_backwards`, `return_sequences`, and `return_state`, but with the `go_backwards` property set to True.

Example code:
```python
from keras.layers import Bidirectional, LSTM, Dense, Input
from keras.models import Sequential

forward_layer = LSTM(10, return_sequences=True)
backward_layer = LSTM(10, activation='relu', return_sequences=True, go_backwards=True)

model = Sequential([
    Input(shape=(5, 10)),
    Bidirectional(forward_layer, backward_layer=backward_layer),
    Dense(5, activation=""softmax""),
])
model.compile(loss='categorical_crossentropy', optimizer='rmsprop')
```"
How do the call arguments for the Bidirectional layer work with respect to initial_state?,"When passing the `initial_state` argument to the Bidirectional layer, the first half of the `initial_state` list is used for the forward RNN, and the second half is used for the backward RNN. This allows you to initialize the hidden states of both the forward and backward RNNs independently.

Example code:
```python
from keras.layers import Bidirectional, LSTM, Dense, Input
from keras.models import Sequential

inputs = Input(shape=(5, 10))
forward_layer = LSTM(10, return_sequences=True)
backward_layer = LSTM(10, return_sequences=True, go_backwards=True)

bidirectional_layer = Bidirectional(forward_layer, backward_layer=backward_layer)
outputs = bidirectional_layer(inputs)

model = Sequential([
    inputs,
    bidirectional_layer,
    Dense(5, activation=""softmax""),
])
model.compile(loss='categorical_crossentropy', optimizer='rmsprop')
```"
What are the requirements for the layer argument in the Bidirectional layer?,"The `layer` argument in the Bidirectional layer should be an instance of an RNN layer, such as `LSTM` or `GRU`, or a Layer instance that meets the following criteria:
- It should be a sequence-processing layer that accepts 3D+ inputs.
- It should have the attributes `go_backwards`, `return_sequences`, and `return_state` with the same semantics as in RNN layers.
- It should have an `input_spec` attribute.
- It should implement serialization via `get_config()` and `from_config()`.

Example code:
```python
from keras.layers import Bidirectional, LSTM, Dense, Input
from keras.models import Sequential

model = Sequential([
    Input(shape=(5, 10)),
    Bidirectional(LSTM(10, return_sequences=True)),
    Dense(5, activation=""softmax""),
])
model.compile(loss='categorical_crossentropy', optimizer='rmsprop')
```"
What does the `image_dataset_from_directory` function do in Keras?,"The `image_dataset_from_directory` function generates a `tf.data.Dataset` object from image files stored in a directory. It allows for loading, preprocessing, and batching images and their associated labels (if available) from a directory structure where subdirectories represent different classes. This function can handle image resizing, shuffling, and splitting into training and validation sets if specified.

Example code:
```python
from keras.utils import image_dataset_from_directory

dataset = image_dataset_from_directory(
    'path/to/directory',
    labels='inferred',
    batch_size=32,
    image_size=(256, 256)
)
```"
How do you specify the size of images when using `image_dataset_from_directory`?,"The size of images is specified using the `image_size` argument in the `image_dataset_from_directory` function. This argument should be a tuple representing the target height and width of the images (e.g., `(256, 256)`). This ensures that all images are resized to the specified dimensions during loading.

Example code:
```python
dataset = image_dataset_from_directory(
    'path/to/directory',
    image_size=(256, 256)
)
```"
What options are available for the `label_mode` argument in `image_dataset_from_directory`?,"The `label_mode` argument determines the format of the labels in the dataset. Options include:
- `""int""`: Labels are encoded as integers.
- `""categorical""`: Labels are encoded as one-hot vectors.
- `""binary""`: Labels are encoded as float32 scalars with values 0 or 1.
- `None`: No labels are included.

Example code:
```python
dataset = image_dataset_from_directory(
    'path/to/directory',
    label_mode='categorical'
)
"
What does the `color_mode` argument control in the `image_dataset_from_directory` function?,"The `color_mode` argument specifies the color channels of the images. Options include:
- `""grayscale""`: Load images in grayscale with 1 channel.
- `""rgb""`: Load images in RGB color mode with 3 channels.
- `""rgba""`: Load images in RGBA color mode with 4 channels.

Example code:
```python
dataset = image_dataset_from_directory(
    'path/to/directory',
    color_mode='grayscale'
)
"
How can you use the `validation_split` and `subset` arguments in `image_dataset_from_directory`?,"""The `validation_split` argument is used to reserve a fraction of the data for validation. It should be a float between 0 and 1. The `subset` argument determines which subset of data to return: `""training""` for training data, `""validation""` for validation data, or `""both""` for both. The `subset` argument is only used if `validation_split` is specified.

Example code:
```python
train_dataset = image_dataset_from_directory(
    'path/to/directory',
    validation_split=0.2,
    subset='training'
)
validation_dataset = image_dataset_from_directory(
    'path/to/directory',
    validation_split=0.2,
    subset='validation'
)
```"""
What is the purpose of the `interpolation` argument in `image_dataset_from_directory`?,"The `interpolation` argument specifies the method used to resize images if they do not match the target size. Supported methods include `""bilinear""`, `""nearest""`, `""bicubic""`, `""area""`, `""lanczos3""`, `""lanczos5""`, `""gaussian""`, and `""mitchellcubic""`. The default is `""bilinear""`. This affects how image pixels are resampled during resizing.

Example code:
```python
dataset = image_dataset_from_directory(
    'path/to/directory',
    interpolation='nearest'
)
"
How do you load an image and convert it to a NumPy array using Keras utilities?,"You can use the `load_img` function to load an image into a PIL Image instance and then use `img_to_array` to convert it to a NumPy array.

Example code:
```python
from keras.utils import load_img, img_to_array

image = load_img('path/to/image.jpg')
input_arr = img_to_array(image)
input_arr = np.array([input_arr])  # Convert single image to a batch.
```"
What does the `save_img` function do?,"The `save_img` function saves a NumPy array as an image file. You can specify the path or file object where the image should be saved, the data format (channels_first or channels_last), and whether to rescale image values to the range [0, 255].

Example code:
```python
from keras.utils import save_img

save_img('path/to/save/image.jpg', x=input_arr)
```"
What is the function of the `array_to_img` function in Keras?,"The `array_to_img` function converts a 3D NumPy array to a PIL Image instance. This is useful for visualizing or saving images that are stored as NumPy arrays.

Example code:
```python
from keras.utils import array_to_img

img_array = np.random.random((100, 100, 3))
img = array_to_img(img_array)
```"
What does the `keep_aspect_ratio` argument do in the `load_img` function?,"The `keep_aspect_ratio` argument determines whether the image should be resized to the target size while preserving its aspect ratio. If set to True, the image is resized without distortion, cropping the center if necessary. If False, the image may be resized with distortion to fit the target size.

Example code:
```python
image = load_img('path/to/image.jpg', target_size=(256, 256), keep_aspect_ratio=True)
```"
How can you convert an image to a NumPy array and then back to an image using Keras utilities?,"You can convert an image to a NumPy array using `img_to_array` and then convert it back to a PIL Image instance using `array_to_img`.

Example code:
```python
from keras.utils import load_img, img_to_array, array_to_img

image = load_img('path/to/image.jpg')
array = img_to_array(image)
new_image = array_to_img(array)
```"
How do you instantiate a VGG16 model with pre-trained weights from ImageNet and include the fully connected layers?,"You can instantiate the VGG16 model with pre-trained weights and include the fully connected layers using the following code:

```python
from keras.applications import VGG16
model = VGG16(weights='imagenet', include_top=True)
```

This code initializes the VGG16 model with weights pre-trained on the ImageNet dataset and includes the top fully-connected layers, which are typically used for classification tasks."
"What is the purpose of the 'input_shape' argument in VGG16, and how would you use it if 'include_top' is set to False?","The 'input_shape' argument specifies the shape of the input images to the model. When 'include_top' is set to False, you need to provide this argument. For example, if you want to use an input shape of 150x150 pixels with 3 color channels, you would use:

```python
model = VGG16(weights='imagenet', include_top=False, input_shape=(150, 150, 3))
```

This code sets up the model for feature extraction, allowing you to process images of the specified size without including the fully-connected classification layers."
"How do you use the VGG19 model for feature extraction, excluding the top layers, and what is the purpose of global average pooling in this context?","To use VGG19 for feature extraction without the top layers, set 'include_top' to False and apply global average pooling to get a fixed-size output. Heres the code:

```python
from keras.applications import VGG19
from keras.layers import GlobalAveragePooling2D
from keras.models import Model

base_model = VGG19(weights='imagenet', include_top=False)
output = base_model.output
output = GlobalAveragePooling2D()(output)
model = Model(inputs=base_model.input, outputs=output)
```

Global average pooling reduces each feature map to a single number by averaging all the values, resulting in a fixed-size vector that can be used for further processing or classification."
"What preprocessing function should be used for inputs when using VGG16, and how does it prepare the data?","The preprocessing function for VGG16 is `keras.applications.vgg16.preprocess_input`. It converts input images from RGB to BGR and zero-centers each color channel with respect to the ImageNet dataset. Heres how you use it:

```python
from keras.applications.vgg16 import preprocess_input
import numpy as np

# Example image array
image_array = np.random.random((224, 224, 3))
preprocessed_image = preprocess_input(image_array)
```

This prepares the image data for the model by ensuring that it is in the format expected by VGG16."
"If you want to use VGG16 with grayscale images, what should the 'color_mode' be set to, and what changes does it imply for the input shape?","Set the 'color_mode' to 'grayscale' when using VGG16 with grayscale images. The 'input_shape' should be adjusted to have only one channel. Heres an example:

```python
from keras.applications import VGG16

model = VGG16(weights='imagenet', include_top=True, input_shape=(224, 224, 1), color_mode='grayscale')
```

This changes the input shape to (224, 224, 1), indicating that each image has only one channel."
"How do you specify the number of output classes in VGG19, and what should be done if you want to use a custom activation function on the top layer?","To specify the number of output classes in VGG19, set the 'classes' argument when 'include_top' is True. To use a custom activation function, set 'classifier_activation' to the desired function. For example:

```python
from keras.applications import VGG19

model = VGG19(weights='imagenet', include_top=True, classes=10, classifier_activation='sigmoid')
```

This sets up VGG19 for a classification task with 10 classes and uses a sigmoid activation function on the top layer."
"What does the 'pooling' argument do in VGG16 when 'include_top' is False, and what are the possible values for this argument?","The 'pooling' argument specifies the pooling operation to apply after the last convolutional block when 'include_top' is False. Possible values are:
- 'None': No pooling, the output is a 4D tensor.
- 'avg': Global average pooling applied to reduce the tensor to a 2D tensor.
- 'max': Global max pooling applied to reduce the tensor to a 2D tensor.

Example code for global average pooling:

```python
from keras.applications import VGG16
from keras.layers import GlobalAveragePooling2D
from keras.models import Model

base_model = VGG16(weights='imagenet', include_top=False)
output = GlobalAveragePooling2D()(base_model.output)
model = Model(inputs=base_model.input, outputs=output)
```"
How can you load a specific image and preprocess it for VGG19 using Keras utilities?,"First, load the image using `keras.utils.load_img`, then convert it to a NumPy array and preprocess it with `keras.applications.vgg19.preprocess_input`. Example:

```python
from keras.utils import load_img, img_to_array
from keras.applications.vgg19 import preprocess_input

# Load image
image = load_img('path_to_image.jpg', target_size=(224, 224))

# Convert to array and preprocess
image_array = img_to_array(image)
image_array = preprocess_input(image_array)

# Add batch dimension
image_array = np.expand_dims(image_array, axis=0)
```"
"What does the 'verbose' argument control in the `image_dataset_from_directory` function, and how would you set it to display detailed information?","The 'verbose' argument controls the amount of information displayed about the dataset. Setting it to 'True' will display detailed information. Example:

```python
from keras.utils import image_dataset_from_directory

dataset = image_dataset_from_directory(
    'path_to_directory',
    verbose=True
)
```

This will print details about the number of classes and the number of images in each class."
"How can you save an image stored as a NumPy array to a file using Keras utilities, and what arguments can be specified?","Use `keras.utils.save_img` to save an image. You can specify the path, data format, file format, and whether to scale pixel values. Example:

```python
from keras.utils import save_img
import numpy as np

# Example image array
image_array = np.random.random((224, 224, 3))

# Save image
save_img('path_to_save_image.jpg', image_array, scale=True)
```

This saves the image to 'path_to_save_image.jpg', rescaling pixel values to the range [0, 255]."
What is the primary difference between ResNet50 and ResNet101?,"ResNet50 has 50 layers, while ResNet101 has 101 layers. The additional layers in ResNet101 allow it to learn more complex features, potentially improving performance on certain tasks. However, it also requires more computational resources and memory.

Code example:
```python
from tensorflow.keras.applications import ResNet50, ResNet101

# ResNet50
model50 = ResNet50(include_top=True, weights='imagenet')

# ResNet101
model101 = ResNet101(include_top=True, weights='imagenet')
```"
How does ResNet152 differ from ResNet50 and ResNet101?,"ResNet152 has 152 layers, making it deeper than both ResNet50 and ResNet101. This increased depth can help in capturing more intricate patterns in the data, but it also increases computational requirements. Deeper networks may offer better performance for complex tasks but require more training time and resources.

Code example:
```python
from tensorflow.keras.applications import ResNet152

# ResNet152
model152 = ResNet152(include_top=True, weights='imagenet')
```"
What is the purpose of the 'include_top' argument in ResNet models?,"'include_top' specifies whether to include the fully-connected (dense) layer at the top of the network. If 'include_top' is set to True, the model will include this layer, which is useful for classification tasks. If set to False, the model will only output features and is typically used for feature extraction.

Code example:
```python
from tensorflow.keras.applications import ResNet50

# Include top layer
model_with_top = ResNet50(include_top=True)

# Exclude top layer
model_without_top = ResNet50(include_top=False)
```"
Why is 'weights' important when initializing a ResNet model?,"The 'weights' argument determines whether the model is initialized with pre-trained weights or random weights. Using 'imagenet' loads weights pre-trained on the ImageNet dataset, which can improve performance on similar tasks. If set to None, the model will be initialized randomly, which is typically used for training from scratch.

Code example:
```python
from tensorflow.keras.applications import ResNet50

# Load pre-trained weights
model_with_weights = ResNet50(weights='imagenet')

# Initialize randomly
model_random = ResNet50(weights=None)
```"
How does the preprocessing function for ResNet differ from other models?,"ResNet models require specific preprocessing to convert images from RGB to BGR and zero-center each color channel with respect to the ImageNet dataset. This is different from some other models that may require different preprocessing steps.

Code example:
```python
from tensorflow.keras.applications.resnet import preprocess_input
import numpy as np

# Example image
image = np.random.random((224, 224, 3))

# Preprocess the image for ResNet
preprocessed_image = preprocess_input(image)
```"
What does the 'pooling' argument control in ResNet models?,"'pooling' controls the pooling mode used for feature extraction when 'include_top' is False. Options include:
- None: Outputs the 4D tensor of the last convolutional block.
- 'avg': Applies global average pooling, resulting in a 2D tensor.
- 'max': Applies global max pooling, also resulting in a 2D tensor.

Code example:
```python
from tensorflow.keras.applications import ResNet50

# No pooling
model_no_pooling = ResNet50(include_top=False, pooling=None)

# Global average pooling
model_avg_pooling = ResNet50(include_top=False, pooling='avg')

# Global max pooling
model_max_pooling = ResNet50(include_top=False, pooling='max')
```"
What is the effect of changing the 'classes' argument in ResNet models?,"The 'classes' argument specifies the number of classes for the classification task. It is used only if 'include_top' is True. Changing this value adjusts the output layer of the model to match the number of classes in your dataset.

Code example:
```python
from tensorflow.keras.applications import ResNet50

# Model for 10 classes
model_10_classes = ResNet50(include_top=True, classes=10)

# Model for 100 classes
model_100_classes = ResNet50(include_top=True, classes=100)
```"
When should you use ResNet50V2 instead of ResNet50?,"ResNet50V2 includes improvements such as identity mappings that help with gradient flow and improve training performance. It can be preferable to use ResNet50V2 if you need better performance or training efficiency compared to ResNet50.

Code example:
```python
from tensorflow.keras.applications import ResNet50V2

# ResNet50V2
model_v2 = ResNet50V2(include_top=True, weights='imagenet')
```"
How does the preprocessing function differ between ResNet and ResNetV2?,"ResNet uses `keras.applications.resnet.preprocess_input`, which converts images from RGB to BGR and zero-centers each channel. ResNetV2 uses `keras.applications.resnet_v2.preprocess_input`, which scales input pixels between -1 and 1.

Code example:
```python
from tensorflow.keras.applications.resnet import preprocess_input as preprocess_resnet
from tensorflow.keras.applications.resnet_v2 import preprocess_input as preprocess_resnetv2
import numpy as np

# Example image
image = np.random.random((224, 224, 3))

# Preprocess for ResNet
preprocessed_resnet = preprocess_resnet(image)

# Preprocess for ResNetV2
preprocessed_resnetv2 = preprocess_resnetv2(image)
```"
What is the advantage of using deeper ResNet architectures like ResNet152V2 over shallower ones?,"Deeper ResNet architectures like ResNet152V2 can capture more complex patterns and features in the data due to their increased depth. This can potentially lead to better performance on challenging tasks but also requires more computational resources and longer training times. For simpler tasks or when computational resources are limited, shallower architectures may be more appropriate.

Code example:
```python
from tensorflow.keras.applications import ResNet152V2

# ResNet152V2
model_152v2 = ResNet152V2(include_top=True, weights='imagenet')
```"
